{
    "robot_root_name": "base_link",
    "human_root_name": "Hips",
    "ground_height": 0.0,
    "human_height_assumption": 1.8,
    "use_ik_match_table1": true,
    "use_ik_match_table2": true,
    "human_scale_table": {
        "Hips": 1,
        "Spine2": 1,
        "Head": 1.2,
        "LeftUpLeg": 1.1,
        "RightUpLeg": 1.1,
        "LeftLeg": 1,
        "RightLeg": 1,
        "LeftFootMod": 1,
        "RightFootMod": 1,
        "LeftArm": 1.2,
        "RightArm": 1.2,
        "LeftForeArm": 1.2,
        "RightForeArm": 1.2,
        "LeftHand": 1.2,
        "RightHand": 1.2
    },
    "ik_match_table1": {
        "base_link": [
            "Hips",
            100,
            10,
            [
                0.0,
                0.0,
                0.0
            ],
            [
                -0.50547777,
                -0.50396847,
                -0.49449026,
                -0.49597116
            ]
        ],
        "head_yaw_link": [
            "Head",
            50,
            10,
            [
                0.0,
                0.0,
                0.0
            ],
            [
                -0.47096315,
                -0.47032271,
                -0.52863662,
                -0.52681456
            ]
        ],
        "left_hip_roll_link": [
            "LeftUpLeg",
            20,
            5,
            [
                0.0,
                0.0,
                0.0
            ],
            [
                -0.50000169,
                -0.50000356,
                0.49999638,
                0.49999837
            ]
        ],
        "left_knee_link": [
            "LeftLeg",
            10,
            5,
            [
                0.0,
                0.0,
                0.0
            ],
            [
                -0.49999705,
                -0.49999759,
                0.50000247,
                0.50000289
            ]
        ],
        "left_ankle_roll_link": [
            "LeftFootMod",
            100,
            50,
            [
                0.0,
                0.0,
                0.0
            ],
            [
                -0.70529085,
                -0.69463637,
                0.10938818,
                0.08988521
            ]
        ],
        "right_hip_roll_link": [
            "RightUpLeg",
            20,
            5,
            [
                0.0,
                0.0,
                0.0
            ],
            [
                -0.49999568,
                -0.49999911,
                -0.50000088,
                -0.50000433
            ]
        ],
        "right_knee_link": [
            "RightLeg",
            10,
            5,
            [
                0.0,
                0.0,
                0.0
            ],
            [
                -0.5000027,
                -0.50000265,
                -0.49999736,
                -0.49999729
            ]
        ],
        "right_ankle_roll_link": [
            "RightFootMod",
            100,
            50,
            [
                0.0,
                0.0,
                0.0
            ],
            [
                -0.10403962,
                -0.0965075,
                -0.70310863,
                -0.69677853
            ]
        ],
        "waist_pitch_link": [
            "Spine2",
            200,
            100,
            [
                0.0,
                0.0,
                0.0
            ],
            [
                -0.49112447,
                -0.51254456,
                -0.49000463,
                -0.50595484
            ]
        ],
        "left_shoulder_roll_link": [
            "LeftArm",
            20,
            10,
            [
                0.0,
                0.0,
                0.0
            ],
            [
                0.49997568,
                -0.49998058,
                -0.50001952,
                0.50002421
            ]
        ],
        "left_elbow_link": [
            "LeftForeArm",
            20,
            5,
            [
                0.0,
                0.0,
                0.0
            ],
            [
                0.7071064,
                -0.70710716,
                3.288e-05,
                -3.272e-05
            ]
        ],
        "left_wrist_yaw_link": [
            "LeftHand",
            80,
            10,
            [
                0.0,
                0.0,
                0.0
            ],
            [
                0.65859465,
                -0.75232541,
                0.00075767,
                -0.01609318
            ]
        ],
        "right_shoulder_roll_link": [
            "RightArm",
            20,
            10,
            [
                0.0,
                0.0,
                0.0
            ],
            [
                -0.50002236,
                0.50002367,
                -0.49997627,
                0.49997769
            ]
        ],
        "right_elbow_link": [
            "RightForeArm",
            20,
            5,
            [
                0.0,
                0.0,
                0.0
            ],
            [
                3.451e-05,
                -3.444e-05,
                -0.70710656,
                0.707107
            ]
        ],
        "right_wrist_yaw_link": [
            "RightHand",
            80,
            10,
            [
                0.0,
                0.0,
                0.0
            ],
            [
                0.00075767,
                -0.01609318,
                -0.65859465,
                0.75232541
            ]
        ]
    },
    "ik_match_table2": {
        "base_link": [
            "Hips",
            100,
            5,
            [
                0.0,
                0.0,
                0.0
            ],
            [
                -0.50547777,
                -0.50396847,
                -0.49449026,
                -0.49597116
            ]
        ],
        "head_yaw_link": [
            "Head",
            50,
            10,
            [
                0.0,
                0.0,
                0.0
            ],
            [
                -0.47096315,
                -0.47032271,
                -0.52863662,
                -0.52681456
            ]
        ],
        "left_hip_roll_link": [
            "LeftUpLeg",
            10,
            5,
            [
                0.0,
                0.0,
                0.0
            ],
            [
                -0.50000169,
                -0.50000356,
                0.49999638,
                0.49999837
            ]
        ],
        "left_knee_link": [
            "LeftLeg",
            10,
            5,
            [
                0.0,
                0.0,
                0.0
            ],
            [
                -0.49999705,
                -0.49999759,
                0.50000247,
                0.50000289
            ]
        ],
        "left_ankle_roll_link": [
            "LeftFootMod",
            100,
            50,
            [
                0.0,
                0.0,
                0.0
            ],
            [
                -0.70529085,
                -0.69463637,
                0.10938818,
                0.08988521
            ]
        ],
        "right_hip_roll_link": [
            "RightUpLeg",
            10,
            5,
            [
                0.0,
                0.0,
                0.0
            ],
            [
                -0.49999568,
                -0.49999911,
                -0.50000088,
                -0.50000433
            ]
        ],
        "right_knee_link": [
            "RightLeg",
            10,
            5,
            [
                0.0,
                0.0,
                0.0
            ],
            [
                -0.5000027,
                -0.50000265,
                -0.49999736,
                -0.49999729
            ]
        ],